index,title,md_path,guide_path,input_source,input_chars,status,error
1,关于印发《雄安新区专精特新企业培育库动态管理警示（出库）企业名单（第二批）》的通知,data/xiongan_policy_files/policy_md/001_2026-04-28_关于印发《雄安新区专精特新企业培育库动态管理警示（出库）企业名单（第二批）》的通知.md,data/xiongan_policy_files/declaration_guides/001_2026-04-28_关于印发《雄安新区专精特新企业培育库动态管理警示（出库）企业名单（第二批）》的通知_申报指南.md,full_markdown,1485,summarized,
2,关于举办2026年河北省雄安新区中级技术经理人能力提升研修活动的通知,data/xiongan_policy_files/policy_md/002_2026-04-27_关于举办2026年河北省雄安新区中级技术经理人能力提升研修活动的通知.md,data/xiongan_policy_files/declaration_guides/002_2026-04-27_关于举办2026年河北省雄安新区中级技术经理人能力提升研修活动的通知_申报指南.md,full_markdown,2622,summarized,
3,关于开展2026年专精特新“小巨人”企业认定和复核推荐工作的通知,data/xiongan_policy_files/policy_md/003_2026-04-23_关于开展2026年专精特新“小巨人”企业认定和复核推荐工作的通知.md,data/xiongan_policy_files/declaration_guides/003_2026-04-23_关于开展2026年专精特新“小巨人”企业认定和复核推荐工作的通知_申报指南.md,full_markdown,6400,summarized,
4,关于转发《关于征集遴选2026年科技骨干企业的通知》的通知,data/xiongan_policy_files/policy_md/004_2026-03-19_关于转发《关于征集遴选2026年科技骨干企业的通知》的通知.md,data/xiongan_policy_files/declaration_guides/004_2026-03-19_关于转发《关于征集遴选2026年科技骨干企业的通知》的通知_申报指南.md,full_markdown,3209,summarized,
5,雄安新区工信科技数据局关于延期组织2026年度中央引导地方科技发展资金雄安场景成果转化与技术攻关项目的通知,data/xiongan_policy_files/policy_md/005_2026-03-19_雄安新区工信科技数据局关于延期组织2026年度中央引导地方科技发展资金雄安场景成果转化与技术攻关项目的通知.md,data/xiongan_policy_files/declaration_guides/005_2026-03-19_雄安新区工信科技数据局关于延期组织2026年度中央引导地方科技发展资金雄安场景成果转化与技术攻关项目的通知_申报指南.md,full_markdown,420,summarized,
6,关于延长2026年雄安新区企业技术中心申报时间的通知,data/xiongan_policy_files/policy_md/006_2026-03-17_关于延长2026年雄安新区企业技术中心申报时间的通知.md,data/xiongan_policy_files/declaration_guides/006_2026-03-17_关于延长2026年雄安新区企业技术中心申报时间的通知_申报指南.md,full_markdown,902,summarized,
7,关于开展2026年度雄安新区“特岗特薪”特聘岗位申报工作的通知,data/xiongan_policy_files/policy_md/007_2026-03-12_关于开展2026年度雄安新区“特岗特薪”特聘岗位申报工作的通知.md,data/xiongan_policy_files/declaration_guides/007_2026-03-12_关于开展2026年度雄安新区“特岗特薪”特聘岗位申报工作的通知_申报指南.md,full_markdown,5862,summarized,
8,雄安新区工信科技数据局关于申报2026年度中央引导地方科技发展资金雄安场景成果转化与技术攻关项目的通知,data/xiongan_policy_files/policy_md/008_2026-03-12_雄安新区工信科技数据局关于申报2026年度中央引导地方科技发展资金雄安场景成果转化与技术攻关项目的通知.md,data/xiongan_policy_files/declaration_guides/008_2026-03-12_雄安新区工信科技数据局关于申报2026年度中央引导地方科技发展资金雄安场景成果转化与技术攻关项目的通知_申报指南.md,full_markdown,931,summarized,
9,关于举办“北斗技术融合创新案例征集活动（首场：北斗+大众消费）”的通知,data/xiongan_policy_files/policy_md/009_2026-02-06_关于举办“北斗技术融合创新案例征集活动（首场：北斗+大众消费）”的通知.md,data/xiongan_policy_files/declaration_guides/009_2026-02-06_关于举办“北斗技术融合创新案例征集活动（首场：北斗+大众消费）”的通知_申报指南.md,full_markdown,5581,summarized,
10,关于组织开展跨境人民币结算奖励及外贸企业汇率避险奖励资金申报工作的通知,data/xiongan_policy_files/policy_md/010_2026-02-02_关于组织开展跨境人民币结算奖励及外贸企业汇率避险奖励资金申报工作的通知.md,data/xiongan_policy_files/declaration_guides/010_2026-02-02_关于组织开展跨境人民币结算奖励及外贸企业汇率避险奖励资金申报工作的通知_申报指南.md,full_markdown,3508,summarized,
11,关于做好2026年度雄安新区基层科普行动计划实施工作的通知,data/xiongan_policy_files/policy_md/011_2026-01-27_关于做好2026年度雄安新区基层科普行动计划实施工作的通知.md,data/xiongan_policy_files/declaration_guides/011_2026-01-27_关于做好2026年度雄安新区基层科普行动计划实施工作的通知_申报指南.md,full_markdown,9209,summarized,
12,关于征求《雄安新区“共享智造”实施细则（试行）》意见的函,data/xiongan_policy_files/policy_md/012_2026-01-20_关于征求《雄安新区“共享智造”实施细则（试行）》意见的函.md,data/xiongan_policy_files/declaration_guides/012_2026-01-20_关于征求《雄安新区“共享智造”实施细则（试行）》意见的函_申报指南.md,full_markdown,31206,summarized,
13,关于组织第一批“雄安工坊”试点产品申报的通知,data/xiongan_policy_files/policy_md/013_2025-12-24_关于组织第一批“雄安工坊”试点产品申报的通知.md,data/xiongan_policy_files/declaration_guides/013_2025-12-24_关于组织第一批“雄安工坊”试点产品申报的通知_申报指南.md,full_markdown,14103,summarized,
14,关于印发《雄安新区知识产权专员管理办法》的通知,data/xiongan_policy_files/policy_md/014_2025-12-08_关于印发《雄安新区知识产权专员管理办法》的通知.md,data/xiongan_policy_files/declaration_guides/014_2025-12-08_关于印发《雄安新区知识产权专员管理办法》的通知_申报指南.md,full_markdown,2948,summarized,
15,关于开展雄安新区中小企业服务资源库入库征集工作的通知,data/xiongan_policy_files/policy_md/015_2025-11-17_关于开展雄安新区中小企业服务资源库入库征集工作的通知.md,data/xiongan_policy_files/declaration_guides/015_2025-11-17_关于开展雄安新区中小企业服务资源库入库征集工作的通知_申报指南.md,full_markdown,20860,summarized,
16,关于印发《关于鼓励和支持中国（河北）自由贸易试验区雄安片区深化制度创新的若干措施》的通知,data/xiongan_policy_files/policy_md/016_2025-10-16_关于印发《关于鼓励和支持中国（河北）自由贸易试验区雄安片区深化制度创新的若干措施》的通知.md,data/xiongan_policy_files/declaration_guides/016_2025-10-16_关于印发《关于鼓励和支持中国（河北）自由贸易试验区雄安片区深化制度创新的若干措施》的通知_申报指南.md,full_markdown,6818,summarized,
17,关于开展2025年雄安新区“百项转型”项目申报工作的通知,data/xiongan_policy_files/policy_md/017_2025-09-29_关于开展2025年雄安新区“百项转型”项目申报工作的通知.md,data/xiongan_policy_files/declaration_guides/017_2025-09-29_关于开展2025年雄安新区“百项转型”项目申报工作的通知_申报指南.md,full_markdown,13266,summarized,
18,关于组织开展瞪羚、潜在独角兽、独角兽企业申报工作的预通知,data/xiongan_policy_files/policy_md/018_2025-09-28_关于组织开展瞪羚、潜在独角兽、独角兽企业申报工作的预通知.md,data/xiongan_policy_files/declaration_guides/018_2025-09-28_关于组织开展瞪羚、潜在独角兽、独角兽企业申报工作的预通知_申报指南.md,full_markdown,3751,summarized,
19,关于组织开展2025年雄安新区“专精特新”培育库企业人库工作的通知,data/xiongan_policy_files/policy_md/019_2025-09-28_关于组织开展2025年雄安新区“专精特新”培育库企业人库工作的通知.md,data/xiongan_policy_files/declaration_guides/019_2025-09-28_关于组织开展2025年雄安新区“专精特新”培育库企业人库工作的通知_申报指南.md,full_markdown,1934,summarized,
20,关于组织开展2025年度省重点实验室和省技术创新中心申报工作的通知,data/xiongan_policy_files/policy_md/020_2025-09-28_关于组织开展2025年度省重点实验室和省技术创新中心申报工作的通知.md,data/xiongan_policy_files/declaration_guides/020_2025-09-28_关于组织开展2025年度省重点实验室和省技术创新中心申报工作的通知_申报指南.md,full_markdown,1445,summarized,
21,河北雄安新区改革发展局关于印发《〈关于促进雄安新区物流业高质量发展的若干措施〉实施细则(试行)》的通知,data/xiongan_policy_files/policy_md/021_2025-09-25_河北雄安新区改革发展局关于印发《〈关于促进雄安新区物流业高质量发展的若干措施〉实施细则(试行)》的通知.md,data/xiongan_policy_files/declaration_guides/021_2025-09-25_河北雄安新区改革发展局关于印发《〈关于促进雄安新区物流业高质量发展的若干措施〉实施细则(试行)》的通知_申报指南.md,full_markdown,9468,summarized,
22,关于印发《雄安新区支持高端高新制造业发展的若干措施》的通知,data/xiongan_policy_files/policy_md/022_2025-09-15_关于印发《雄安新区支持高端高新制造业发展的若干措施》的通知.md,data/xiongan_policy_files/declaration_guides/022_2025-09-15_关于印发《雄安新区支持高端高新制造业发展的若干措施》的通知_申报指南.md,full_markdown,2874,summarized,
23,关于征集2025年度雄安新区本级科技攻关 项目（人工智能领域）的通知,data/xiongan_policy_files/policy_md/023_2025-09-10_关于征集2025年度雄安新区本级科技攻关 项目（人工智能领域）的通知.md,data/xiongan_policy_files/declaration_guides/023_2025-09-10_关于征集2025年度雄安新区本级科技攻关 项目（人工智能领域）的通知_申报指南.md,full_markdown,33721,summarized,
24,关于转发《河北省工业和信息化厅关于开展2025 年第二批河北省专精特新中小企业认定工作的通知》的通知,data/xiongan_policy_files/policy_md/024_2025-08-20_关于转发《河北省工业和信息化厅关于开展2025 年第二批河北省专精特新中小企业认定工作的通知》的通知.md,data/xiongan_policy_files/declaration_guides/024_2025-08-20_关于转发《河北省工业和信息化厅关于开展2025 年第二批河北省专精特新中小企业认定工作的通知》的通知_申报指南.md,full_markdown,24139,summarized,
25,关于转发省科技厅征集遴选科技骨干企业的通知,data/xiongan_policy_files/policy_md/025_2025-08-14_关于转发省科技厅征集遴选科技骨干企业的通知.md,data/xiongan_policy_files/declaration_guides/025_2025-08-14_关于转发省科技厅征集遴选科技骨干企业的通知_申报指南.md,full_markdown,8860,summarized,
26,关于组织2025年度河北省科学技术奖提名预审的通知,data/xiongan_policy_files/policy_md/026_2025-08-13_关于组织2025年度河北省科学技术奖提名预审的通知.md,data/xiongan_policy_files/declaration_guides/026_2025-08-13_关于组织2025年度河北省科学技术奖提名预审的通知_申报指南.md,full_markdown,4784,summarized,
27,关于加强高新技术企业培育库企业管理的通知,data/xiongan_policy_files/policy_md/027_2025-07-30_关于加强高新技术企业培育库企业管理的通知.md,data/xiongan_policy_files/declaration_guides/027_2025-07-30_关于加强高新技术企业培育库企业管理的通知_申报指南.md,full_markdown,24316,summarized,
28,关于开展 2025 年全省优秀科普作品评选活动的通知,data/xiongan_policy_files/policy_md/028_2025-07-18_关于开展 2025 年全省优秀科普作品评选活动的通知.md,data/xiongan_policy_files/declaration_guides/028_2025-07-18_关于开展 2025 年全省优秀科普作品评选活动的通知_申报指南.md,full_markdown,9411,summarized,
29,关于开展2025年度国家科技型中小企业评价工作的通知,data/xiongan_policy_files/policy_md/029_2025-07-16_关于开展2025年度国家科技型中小企业评价工作的通知.md,data/xiongan_policy_files/declaration_guides/029_2025-07-16_关于开展2025年度国家科技型中小企业评价工作的通知_申报指南.md,full_markdown,916,summarized,
30,京津冀赋能雄安发展百项高价值专利技术,data/xiongan_policy_files/policy_md/030_2025-07-11_京津冀赋能雄安发展百项高价值专利技术.md,data/xiongan_policy_files/declaration_guides/030_2025-07-11_京津冀赋能雄安发展百项高价值专利技术_申报指南.md,full_markdown,42828,summarized,
31,关于征集专利技术需求的通知,data/xiongan_policy_files/policy_md/031_2025-07-10_关于征集专利技术需求的通知.md,data/xiongan_policy_files/declaration_guides/031_2025-07-10_关于征集专利技术需求的通知_申报指南.md,full_markdown,2049,summarized,
32,关于组织召开2025年河北省科技创新平台申报培训会的通知,data/xiongan_policy_files/policy_md/032_2025-07-03_关于组织召开2025年河北省科技创新平台申报培训会的通知.md,data/xiongan_policy_files/declaration_guides/032_2025-07-03_关于组织召开2025年河北省科技创新平台申报培训会的通知_申报指南.md,full_markdown,2150,summarized,
33,关于第十四届中国创新创业大赛河北雄安新区赛区暨雄安新区第六届“智绘未来”创新创业大赛报名的通知,data/xiongan_policy_files/policy_md/033_2025-06-06_关于第十四届中国创新创业大赛河北雄安新区赛区暨雄安新区第六届“智绘未来”创新创业大赛报名的通知.md,data/xiongan_policy_files/declaration_guides/033_2025-06-06_关于第十四届中国创新创业大赛河北雄安新区赛区暨雄安新区第六届“智绘未来”创新创业大赛报名的通知_申报指南.md,full_markdown,2527,summarized,
34,关于以“免申即享”方式落实《雄安新区关于支持高标准高质量建设儿童友好城市若干措施》相关条款的通知,data/xiongan_policy_files/policy_md/034_2025-05-19_关于以“免申即享”方式落实《雄安新区关于支持高标准高质量建设儿童友好城市若干措施》相关条款的通知.md,data/xiongan_policy_files/declaration_guides/034_2025-05-19_关于以“免申即享”方式落实《雄安新区关于支持高标准高质量建设儿童友好城市若干措施》相关条款的通知_申报指南.md,full_markdown,3390,summarized,
35,关于转发省科协等部门《关于实施2025年河北省博士创新站建设项目的通知》的通知,data/xiongan_policy_files/policy_md/035_2025-05-16_关于转发省科协等部门《关于实施2025年河北省博士创新站建设项目的通知》的通知.md,data/xiongan_policy_files/declaration_guides/035_2025-05-16_关于转发省科协等部门《关于实施2025年河北省博士创新站建设项目的通知》的通知_申报指南.md,full_markdown,23681,summarized,
36,关于发布2025年雄安新区企业技术中心认定名单的通知,data/xiongan_policy_files/policy_md/036_2025-04-30_关于发布2025年雄安新区企业技术中心认定名单的通知.md,data/xiongan_policy_files/declaration_guides/036_2025-04-30_关于发布2025年雄安新区企业技术中心认定名单的通知_申报指南.md,full_markdown,951,summarized,
37,关于印发《雄安新区“第一类医疗器械一件事”实施方案》的通知,data/xiongan_policy_files/policy_md/037_2025-04-29_关于印发《雄安新区“第一类医疗器械一件事”实施方案》的通知.md,data/xiongan_policy_files/declaration_guides/037_2025-04-29_关于印发《雄安新区“第一类医疗器械一件事”实施方案》的通知_申报指南.md,full_markdown,7401,summarized,
38,关于开展重点新材料研发及应用国家科技重大专项（科技创新2030重大项目）2025年度项目（公开竞争类）申报的通知,data/xiongan_policy_files/policy_md/038_2025-04-28_关于开展重点新材料研发及应用国家科技重大专项（科技创新2030重大项目）2025年度项目（公开竞争类）申报的通知.md,data/xiongan_policy_files/declaration_guides/038_2025-04-28_关于开展重点新材料研发及应用国家科技重大专项（科技创新2030重大项目）2025年度项目（公开竞争类）申报的通知_申报指南.md,full_markdown,1213,summarized,
39,关于转发《河北省工业和信息化厅关于组织开展河北省专精特新中小企业复核工作的通知》的通知,data/xiongan_policy_files/policy_md/039_2025-04-28_关于转发《河北省工业和信息化厅关于组织开展河北省专精特新中小企业复核工作的通知》的通知.md,data/xiongan_policy_files/declaration_guides/039_2025-04-28_关于转发《河北省工业和信息化厅关于组织开展河北省专精特新中小企业复核工作的通知》的通知_申报指南.md,full_markdown,155214,skipped_context_too_long,"Input is 155214 characters, exceeding --max-input-chars=60000."
40,河北省首批高校公开实施专利清单,data/xiongan_policy_files/policy_md/040_2025-04-21_河北省首批高校公开实施专利清单.md,data/xiongan_policy_files/declaration_guides/040_2025-04-21_河北省首批高校公开实施专利清单_申报指南.md,full_markdown,1184870,skipped_context_too_long,"Input is 1184870 characters, exceeding --max-input-chars=60000."
41,关于开展 2025 年雄安新区科普示范基地建设工作的通知,data/xiongan_policy_files/policy_md/041_2025-04-15_关于开展 2025 年雄安新区科普示范基地建设工作的通知.md,data/xiongan_policy_files/declaration_guides/041_2025-04-15_关于开展 2025 年雄安新区科普示范基地建设工作的通知_申报指南.md,full_markdown,4871,summarized,
42,关于转发《河北省工业和信息化厅关于征集企业产学研合作对接需求的通知》的通知,data/xiongan_policy_files/policy_md/042_2025-04-14_关于转发《河北省工业和信息化厅关于征集企业产学研合作对接需求的通知》的通知.md,data/xiongan_policy_files/declaration_guides/042_2025-04-14_关于转发《河北省工业和信息化厅关于征集企业产学研合作对接需求的通知》的通知_申报指南.md,full_markdown,12510,summarized,
43,关于组织2025年雄安新区工业设计中心申报工作的通知,data/xiongan_policy_files/policy_md/043_2025-04-03_关于组织2025年雄安新区工业设计中心申报工作的通知.md,data/xiongan_policy_files/declaration_guides/043_2025-04-03_关于组织2025年雄安新区工业设计中心申报工作的通知_申报指南.md,full_markdown,26084,summarized,
44,雄安新区关于促进会展业发展的若干措施,data/xiongan_policy_files/policy_md/044_2025-04-02_雄安新区关于促进会展业发展的若干措施.md,data/xiongan_policy_files/declaration_guides/044_2025-04-02_雄安新区关于促进会展业发展的若干措施_申报指南.md,full_markdown,1870,summarized,
45,关于组织2025年第一批河北省创新型中小企业申报评价工作的通知,data/xiongan_policy_files/policy_md/045_2025-02-05_关于组织2025年第一批河北省创新型中小企业申报评价工作的通知.md,data/xiongan_policy_files/declaration_guides/045_2025-02-05_关于组织2025年第一批河北省创新型中小企业申报评价工作的通知_申报指南.md,full_markdown,1472,summarized,
46,河北雄安新区财政局关于印发《关于促进雄安新区会计产业高质量发展政策措施（试行）》的通知,data/xiongan_policy_files/policy_md/046_2025-01-08_河北雄安新区财政局关于印发《关于促进雄安新区会计产业高质量发展政策措施（试行）》的通知.md,data/xiongan_policy_files/declaration_guides/046_2025-01-08_河北雄安新区财政局关于印发《关于促进雄安新区会计产业高质量发展政策措施（试行）》的通知_申报指南.md,full_markdown,1934,summarized,
47,关于支持服务外包产业发展的政策措施（试行）,data/xiongan_policy_files/policy_md/047_2024-12-11_关于支持服务外包产业发展的政策措施（试行）.md,data/xiongan_policy_files/declaration_guides/047_2024-12-11_关于支持服务外包产业发展的政策措施（试行）_申报指南.md,full_markdown,4257,summarized,
48,印发《关于支持传统产业“先立后破”转型升级的意见》的通知,data/xiongan_policy_files/policy_md/048_2024-12-09_印发《关于支持传统产业“先立后破”转型升级的意见》的通知.md,data/xiongan_policy_files/declaration_guides/048_2024-12-09_印发《关于支持传统产业“先立后破”转型升级的意见》的通知_申报指南.md,full_markdown,5804,summarized,
49,河北雄安新区管理委员会改革发展局关于印发《雄安新区中试高质量发展行动方案》的通知,data/xiongan_policy_files/policy_md/049_2024-12-06_河北雄安新区管理委员会改革发展局关于印发《雄安新区中试高质量发展行动方案》的通知.md,data/xiongan_policy_files/declaration_guides/049_2024-12-06_河北雄安新区管理委员会改革发展局关于印发《雄安新区中试高质量发展行动方案》的通知_申报指南.md,full_markdown,10367,summarized,
50,关于印发《雄安新区促进未来产业发展行动计划》的通知,data/xiongan_policy_files/policy_md/050_2024-12-05_关于印发《雄安新区促进未来产业发展行动计划》的通知.md,data/xiongan_policy_files/declaration_guides/050_2024-12-05_关于印发《雄安新区促进未来产业发展行动计划》的通知_申报指南.md,full_markdown,5977,summarized,
51,关于2024 年高新技术企业培育库入库申报延期的通知,data/xiongan_policy_files/policy_md/051_2024-11-01_关于2024 年高新技术企业培育库入库申报延期的通知.md,data/xiongan_policy_files/declaration_guides/051_2024-11-01_关于2024 年高新技术企业培育库入库申报延期的通知_申报指南.md,full_markdown,3062,summarized,
52,关于组织申报雄安新区2024年第二批传统产业转型升级“百项转型”工程的通知,data/xiongan_policy_files/policy_md/052_2024-10-14_关于组织申报雄安新区2024年第二批传统产业转型升级“百项转型”工程的通知.md,data/xiongan_policy_files/declaration_guides/052_2024-10-14_关于组织申报雄安新区2024年第二批传统产业转型升级“百项转型”工程的通知_申报指南.md,full_markdown,9686,summarized,
53,关于组织2024年高新技术企业培育库入库申报的通知,data/xiongan_policy_files/policy_md/053_2024-10-08_关于组织2024年高新技术企业培育库入库申报的通知.md,data/xiongan_policy_files/declaration_guides/053_2024-10-08_关于组织2024年高新技术企业培育库入库申报的通知_申报指南.md,full_markdown,2087,summarized,
54,雄安新区支持机器人产业发展的若干措施,data/xiongan_policy_files/policy_md/054_2024-09-30_雄安新区支持机器人产业发展的若干措施.md,data/xiongan_policy_files/declaration_guides/054_2024-09-30_雄安新区支持机器人产业发展的若干措施_申报指南.md,full_markdown,4224,summarized,
55,雄安新区机器人产业创新发展三年行动计划（2024—2026年）,data/xiongan_policy_files/policy_md/055_2024-09-30_雄安新区机器人产业创新发展三年行动计划（2024—2026年）.md,data/xiongan_policy_files/declaration_guides/055_2024-09-30_雄安新区机器人产业创新发展三年行动计划（2024—2026年）_申报指南.md,full_markdown,9405,summarized,
56,关于支持现代生命科学和生物技术产业发展若干措施（试行）实施细则,data/xiongan_policy_files/policy_md/056_2024-09-14_关于支持现代生命科学和生物技术产业发展若干措施（试行）实施细则.md,data/xiongan_policy_files/declaration_guides/056_2024-09-14_关于支持现代生命科学和生物技术产业发展若干措施（试行）实施细则_申报指南.md,full_markdown,15984,summarized,
57,河北雄安新区科技项目(课题)经费暂行管理办法,data/xiongan_policy_files/policy_md/057_2024-08-28_河北雄安新区科技项目(课题)经费暂行管理办法.md,data/xiongan_policy_files/declaration_guides/057_2024-08-28_河北雄安新区科技项目(课题)经费暂行管理办法_申报指南.md,full_markdown,4180,summarized,
58,河北雄安新区软科学研究项目暂行管理办法,data/xiongan_policy_files/policy_md/058_2024-08-28_河北雄安新区软科学研究项目暂行管理办法.md,data/xiongan_policy_files/declaration_guides/058_2024-08-28_河北雄安新区软科学研究项目暂行管理办法_申报指南.md,full_markdown,3679,summarized,
59,关于做好2024年第三批高新技术企业申报工作的通知,data/xiongan_policy_files/policy_md/059_2024-08-23_关于做好2024年第三批高新技术企业申报工作的通知.md,data/xiongan_policy_files/declaration_guides/059_2024-08-23_关于做好2024年第三批高新技术企业申报工作的通知_申报指南.md,full_markdown,6256,summarized,
60,关于印发《雄安新区关于支持高标准高质量建设儿童友好城市若千措施》的通知,data/xiongan_policy_files/policy_md/060_2024-08-09_关于印发《雄安新区关于支持高标准高质量建设儿童友好城市若千措施》的通知.md,data/xiongan_policy_files/declaration_guides/060_2024-08-09_关于印发《雄安新区关于支持高标准高质量建设儿童友好城市若千措施》的通知_申报指南.md,full_markdown,3590,summarized,
61,河北雄安新区管理委员会改革发展局关于对2024年度河北省科学技术奖励拟提名项目摸底的通知,data/xiongan_policy_files/policy_md/061_2024-08-02_河北雄安新区管理委员会改革发展局关于对2024年度河北省科学技术奖励拟提名项目摸底的通知.md,data/xiongan_policy_files/declaration_guides/061_2024-08-02_河北雄安新区管理委员会改革发展局关于对2024年度河北省科学技术奖励拟提名项目摸底的通知_申报指南.md,full_markdown,7464,summarized,
62,印发《关于支持低空经济产业发展的若干措施》的通知,data/xiongan_policy_files/policy_md/062_2024-08-01_印发《关于支持低空经济产业发展的若干措施》的通知.md,data/xiongan_policy_files/declaration_guides/062_2024-08-01_印发《关于支持低空经济产业发展的若干措施》的通知_申报指南.md,full_markdown,2945,summarized,
63,河北雄安新区改革发展局关于征集2024年度省级产业技术研究院、技术创新中心、重点实验室建设需求的通知,data/xiongan_policy_files/policy_md/063_2024-07-31_河北雄安新区改革发展局关于征集2024年度省级产业技术研究院、技术创新中心、重点实验室建设需求的通知.md,data/xiongan_policy_files/declaration_guides/063_2024-07-31_河北雄安新区改革发展局关于征集2024年度省级产业技术研究院、技术创新中心、重点实验室建设需求的通知_申报指南.md,full_markdown,7344,summarized,
64,关于组织2024年第三批河北省创新型中小企业申报评价工作和第二批河北省专精特新中小企业认定工作的通知,data/xiongan_policy_files/policy_md/064_2024-07-24_关于组织2024年第三批河北省创新型中小企业申报评价工作和第二批河北省专精特新中小企业认定工作的通知.md,data/xiongan_policy_files/declaration_guides/064_2024-07-24_关于组织2024年第三批河北省创新型中小企业申报评价工作和第二批河北省专精特新中小企业认定工作的通知_申报指南.md,full_markdown,13740,summarized,
65,河北雄安新区管委会改革发展局关于组织开展雄安新区2024年第一批传统产业转型升级“百项转型”工程申报工作的通知,data/xiongan_policy_files/policy_md/065_2024-07-23_河北雄安新区管委会改革发展局关于组织开展雄安新区2024年第一批传统产业转型升级“百项转型”工程申报工作的通知.md,data/xiongan_policy_files/declaration_guides/065_2024-07-23_河北雄安新区管委会改革发展局关于组织开展雄安新区2024年第一批传统产业转型升级“百项转型”工程申报工作的通知_申报指南.md,full_markdown,9713,summarized,
66,北京交通大学开放许可专利清单,data/xiongan_policy_files/policy_md/066_2024-07-15_北京交通大学开放许可专利清单.md,data/xiongan_policy_files/declaration_guides/066_2024-07-15_北京交通大学开放许可专利清单_申报指南.md,full_markdown,30290,summarized,
67,雄安新区“校城融合 知产先行”系列 首场专利转化运用活动项目,data/xiongan_policy_files/policy_md/067_2024-06-26_雄安新区“校城融合 知产先行”系列 首场专利转化运用活动项目.md,data/xiongan_policy_files/declaration_guides/067_2024-06-26_雄安新区“校城融合 知产先行”系列 首场专利转化运用活动项目_申报指南.md,full_markdown,13394,summarized,
68,印发《关于〈促进“专精特新”企业和数字经济核心产业高质量发展的若干措施〉“专精特新”企业培育库入库及奖补政策的实施细则》的通知,data/xiongan_policy_files/policy_md/068_2024-04-30_印发《关于〈促进“专精特新”企业和数字经济核心产业高质量发展的若干措施〉“专精特新”企业培育库入库及奖补政策的实施细则》的通知.md,data/xiongan_policy_files/declaration_guides/068_2024-04-30_印发《关于〈促进“专精特新”企业和数字经济核心产业高质量发展的若干措施〉“专精特新”企业培育库入库及奖补政策的实施细则》的通知_申报指南.md,full_markdown,40131,summarized,
69,关于做好2024年高新技术企业申报工作的通知,data/xiongan_policy_files/policy_md/069_2024-04-26_关于做好2024年高新技术企业申报工作的通知.md,data/xiongan_policy_files/declaration_guides/069_2024-04-26_关于做好2024年高新技术企业申报工作的通知_申报指南.md,full_markdown,5487,summarized,
70,河北雄安新区管理委员会改革发展局关于组织开展2024年雄安新区企业技术中心认定工作的通知,data/xiongan_policy_files/policy_md/070_2024-04-17_河北雄安新区管理委员会改革发展局关于组织开展2024年雄安新区企业技术中心认定工作的通知.md,data/xiongan_policy_files/declaration_guides/070_2024-04-17_河北雄安新区管理委员会改革发展局关于组织开展2024年雄安新区企业技术中心认定工作的通知_申报指南.md,full_markdown,54872,summarized,
71,关于开展行业大模型及应用摸底调查的通知,data/xiongan_policy_files/policy_md/071_2024-04-07_关于开展行业大模型及应用摸底调查的通知.md,data/xiongan_policy_files/declaration_guides/071_2024-04-07_关于开展行业大模型及应用摸底调查的通知_申报指南.md,full_markdown,8397,summarized,
72,关于组织开展2024年“机器人化” 技术改造项目申报工作的通知,data/xiongan_policy_files/policy_md/072_2024-04-03_关于组织开展2024年“机器人化” 技术改造项目申报工作的通知.md,data/xiongan_policy_files/declaration_guides/072_2024-04-03_关于组织开展2024年“机器人化” 技术改造项目申报工作的通知_申报指南.md,full_markdown,5659,summarized,
73,雄安新区关于组织开展2024年省级科技型中小企业评价工作的通知,data/xiongan_policy_files/policy_md/073_2024-03-07_雄安新区关于组织开展2024年省级科技型中小企业评价工作的通知.md,data/xiongan_policy_files/declaration_guides/073_2024-03-07_雄安新区关于组织开展2024年省级科技型中小企业评价工作的通知_申报指南.md,full_markdown,4048,summarized,
74,雄安新区优化营商环境领导小组关于印发《雄安新区产业政策“免申即享”工作方案》的通知,data/xiongan_policy_files/policy_md/074_2024-03-06_雄安新区优化营商环境领导小组关于印发《雄安新区产业政策“免申即享”工作方案》的通知.md,data/xiongan_policy_files/declaration_guides/074_2024-03-06_雄安新区优化营商环境领导小组关于印发《雄安新区产业政策“免申即享”工作方案》的通知_申报指南.md,full_markdown,13985,summarized,
75,关于征集十大领域“机器人＋”应用 “揭榜挂帅”需求榜单的通知,data/xiongan_policy_files/policy_md/075_2024-03-06_关于征集十大领域“机器人＋”应用 “揭榜挂帅”需求榜单的通知.md,data/xiongan_policy_files/declaration_guides/075_2024-03-06_关于征集十大领域“机器人＋”应用 “揭榜挂帅”需求榜单的通知_申报指南.md,full_markdown,14482,summarized,
76,关于印发《关于雄安新区促进智能网联汽车产业创新发展的激励措施（试行）》的通知,data/xiongan_policy_files/policy_md/076_2023-12-29_关于印发《关于雄安新区促进智能网联汽车产业创新发展的激励措施（试行）》的通知.md,data/xiongan_policy_files/declaration_guides/076_2023-12-29_关于印发《关于雄安新区促进智能网联汽车产业创新发展的激励措施（试行）》的通知_申报指南.md,full_markdown,2204,summarized,
77,河北雄安新区党工委管委会党政办公室 印发《关于支持现代生命科学和生物技术产业发展的若干措施（试行）》的通知,data/xiongan_policy_files/policy_md/077_2023-12-29_河北雄安新区党工委管委会党政办公室 印发《关于支持现代生命科学和生物技术产业发展的若干措施（试行）》的通知.md,data/xiongan_policy_files/declaration_guides/077_2023-12-29_河北雄安新区党工委管委会党政办公室 印发《关于支持现代生命科学和生物技术产业发展的若干措施（试行）》的通知_申报指南.md,full_markdown,8824,summarized,
78,关于印发《河北雄安新区科技创新平台建设与运行管理办法》的通知,data/xiongan_policy_files/policy_md/078_2023-12-22_关于印发《河北雄安新区科技创新平台建设与运行管理办法》的通知.md,data/xiongan_policy_files/declaration_guides/078_2023-12-22_关于印发《河北雄安新区科技创新平台建设与运行管理办法》的通知_申报指南.md,full_markdown,4931,summarized,
79,关于印发《河北雄安新区科技企业孵化器认定管理办法》的通知,data/xiongan_policy_files/policy_md/079_2023-12-22_关于印发《河北雄安新区科技企业孵化器认定管理办法》的通知.md,data/xiongan_policy_files/declaration_guides/079_2023-12-22_关于印发《河北雄安新区科技企业孵化器认定管理办法》的通知_申报指南.md,full_markdown,5972,summarized,
80,雄安新区本级科技项目申报书首批征集,data/xiongan_policy_files/policy_md/080_2023-12-16_雄安新区本级科技项目申报书首批征集.md,data/xiongan_policy_files/declaration_guides/080_2023-12-16_雄安新区本级科技项目申报书首批征集_申报指南.md,full_markdown,14395,summarized,
81,关于公布2023年雄安新区工业诊所的通知,data/xiongan_policy_files/policy_md/081_2023-12-12_关于公布2023年雄安新区工业诊所的通知.md,data/xiongan_policy_files/declaration_guides/081_2023-12-12_关于公布2023年雄安新区工业诊所的通知_申报指南.md,full_markdown,544,summarized,
82,关于在研国家级科技项目配套资金申报的通知,data/xiongan_policy_files/policy_md/082_2023-12-06_关于在研国家级科技项目配套资金申报的通知.md,data/xiongan_policy_files/declaration_guides/082_2023-12-06_关于在研国家级科技项目配套资金申报的通知_申报指南.md,full_markdown,11658,summarized,
83,关于征集参加河北省新材料产业项目资本对接活动的通知,data/xiongan_policy_files/policy_md/083_2023-11-17_关于征集参加河北省新材料产业项目资本对接活动的通知.md,data/xiongan_policy_files/declaration_guides/083_2023-11-17_关于征集参加河北省新材料产业项目资本对接活动的通知_申报指南.md,full_markdown,4325,summarized,
84,关于发布2023年度雄安新区软科学研究项目申请指南的通知,data/xiongan_policy_files/policy_md/084_2023-11-15_关于发布2023年度雄安新区软科学研究项目申请指南的通知.md,data/xiongan_policy_files/declaration_guides/084_2023-11-15_关于发布2023年度雄安新区软科学研究项目申请指南的通知_申报指南.md,full_markdown,9729,summarized,
85,河北雄安新区党工委管委会党政办公室关于印发《河北雄安新区促进民间投资高质量发展的若干举措》的通知,data/xiongan_policy_files/policy_md/085_2023-11-13_河北雄安新区党工委管委会党政办公室关于印发《河北雄安新区促进民间投资高质量发展的若干举措》的通知.md,data/xiongan_policy_files/declaration_guides/085_2023-11-13_河北雄安新区党工委管委会党政办公室关于印发《河北雄安新区促进民间投资高质量发展的若干举措》的通知_申报指南.md,full_markdown,4299,summarized,
86,中共河北雄安新区工作委员会 河北雄安新区管理委员会《关于打造创新高地和创业热土聚集新人才的若干措施》,data/xiongan_policy_files/policy_md/086_2023-11-07_中共河北雄安新区工作委员会 河北雄安新区管理委员会《关于打造创新高地和创业热土聚集新人才的若干措施》.md,data/xiongan_policy_files/declaration_guides/086_2023-11-07_中共河北雄安新区工作委员会 河北雄安新区管理委员会《关于打造创新高地和创业热土聚集新人才的若干措施》_申报指南.md,full_markdown,2449,summarized,
87,雄安新区关于引进海内外高层次人才来雄安创新创业的若干政策措施,data/xiongan_policy_files/policy_md/087_2023-11-03_雄安新区关于引进海内外高层次人才来雄安创新创业的若干政策措施.md,data/xiongan_policy_files/declaration_guides/087_2023-11-03_雄安新区关于引进海内外高层次人才来雄安创新创业的若干政策措施_申报指南.md,full_markdown,1311,summarized,
88,关于开展2023年雄安新区“工业诊所” 申报工作的通知,data/xiongan_policy_files/policy_md/088_2023-10-31_关于开展2023年雄安新区“工业诊所” 申报工作的通知.md,data/xiongan_policy_files/declaration_guides/088_2023-10-31_关于开展2023年雄安新区“工业诊所” 申报工作的通知_申报指南.md,full_markdown,4083,summarized,
89,关于印发《雄安新区支持企业标准创新发展实施细则（试行）》的通知,data/xiongan_policy_files/policy_md/089_2023-10-13_关于印发《雄安新区支持企业标准创新发展实施细则（试行）》的通知.md,data/xiongan_policy_files/declaration_guides/089_2023-10-13_关于印发《雄安新区支持企业标准创新发展实施细则（试行）》的通知_申报指南.md,full_markdown,2259,summarized,
90,河北雄安新区管理委员会改革发展局关于组织研发费用归集和加计扣除培训的通知,data/xiongan_policy_files/policy_md/090_2023-10-13_河北雄安新区管理委员会改革发展局关于组织研发费用归集和加计扣除培训的通知.md,data/xiongan_policy_files/declaration_guides/090_2023-10-13_河北雄安新区管理委员会改革发展局关于组织研发费用归集和加计扣除培训的通知_申报指南.md,full_markdown,803,summarized,
91,关于征集2023雄安新区科技成果直通车活动技术需求的通知,data/xiongan_policy_files/policy_md/091_2023-09-28_关于征集2023雄安新区科技成果直通车活动技术需求的通知.md,data/xiongan_policy_files/declaration_guides/091_2023-09-28_关于征集2023雄安新区科技成果直通车活动技术需求的通知_申报指南.md,full_markdown,4687,summarized,
92,关于落实《河北雄安新区支持企业创新发展若干措施》第十条相关奖励的通知,data/xiongan_policy_files/policy_md/092_2023-09-13_关于落实《河北雄安新区支持企业创新发展若干措施》第十条相关奖励的通知.md,data/xiongan_policy_files/declaration_guides/092_2023-09-13_关于落实《河北雄安新区支持企业创新发展若干措施》第十条相关奖励的通知_申报指南.md,full_markdown,16229,summarized,
93,关于启动雄安新区孵化载体库入库及运行工作的通知,data/xiongan_policy_files/policy_md/093_2023-09-11_关于启动雄安新区孵化载体库入库及运行工作的通知.md,data/xiongan_policy_files/declaration_guides/093_2023-09-11_关于启动雄安新区孵化载体库入库及运行工作的通知_申报指南.md,full_markdown,1385,summarized,
94,关于冒用雄安新区改革发展局名义代理业务的声明,data/xiongan_policy_files/policy_md/094_2023-09-04_关于冒用雄安新区改革发展局名义代理业务的声明.md,data/xiongan_policy_files/declaration_guides/094_2023-09-04_关于冒用雄安新区改革发展局名义代理业务的声明_申报指南.md,full_markdown,569,summarized,
95,关于做好2023年第三批高新技术企业申报 工作的通知,data/xiongan_policy_files/policy_md/095_2023-09-01_关于做好2023年第三批高新技术企业申报 工作的通知.md,data/xiongan_policy_files/declaration_guides/095_2023-09-01_关于做好2023年第三批高新技术企业申报 工作的通知_申报指南.md,full_markdown,3058,summarized,
96,关于印发《关于雄安新区工业企业灾后受损重建的帮扶救助措施》的通知,data/xiongan_policy_files/policy_md/096_2023-08-29_关于印发《关于雄安新区工业企业灾后受损重建的帮扶救助措施》的通知.md,data/xiongan_policy_files/declaration_guides/096_2023-08-29_关于印发《关于雄安新区工业企业灾后受损重建的帮扶救助措施》的通知_申报指南.md,full_markdown,2283,summarized,
97,河北雄安新区管理委员会关于印发《河北雄安新区支持企业创新发展若干措施》的通知,data/xiongan_policy_files/policy_md/097_2023-08-24_河北雄安新区管理委员会关于印发《河北雄安新区支持企业创新发展若干措施》的通知.md,data/xiongan_policy_files/declaration_guides/097_2023-08-24_河北雄安新区管理委员会关于印发《河北雄安新区支持企业创新发展若干措施》的通知_申报指南.md,full_markdown,2380,summarized,
98,河北雄安新区管理委员会改革发展局 关于组织技术合同认定登记培训的通知,data/xiongan_policy_files/policy_md/098_2023-08-11_河北雄安新区管理委员会改革发展局 关于组织技术合同认定登记培训的通知.md,data/xiongan_policy_files/declaration_guides/098_2023-08-11_河北雄安新区管理委员会改革发展局 关于组织技术合同认定登记培训的通知_申报指南.md,full_markdown,900,summarized,
99,河北雄安新区管理委员会改革发展局关于印发《雄安新区“工业诊所”创建方案》的通知,data/xiongan_policy_files/policy_md/099_2023-08-07_河北雄安新区管理委员会改革发展局关于印发《雄安新区“工业诊所”创建方案》的通知.md,data/xiongan_policy_files/declaration_guides/099_2023-08-07_河北雄安新区管理委员会改革发展局关于印发《雄安新区“工业诊所”创建方案》的通知_申报指南.md,full_markdown,5266,summarized,
100,关于广泛征集2023河北国际工业设计周展品的通知,data/xiongan_policy_files/policy_md/100_2023-07-28_关于广泛征集2023河北国际工业设计周展品的通知.md,data/xiongan_policy_files/declaration_guides/100_2023-07-28_关于广泛征集2023河北国际工业设计周展品的通知_申报指南.md,full_markdown,2461,summarized,
101,河北雄安新区管理委员会改革发展局 国家税务总局河北雄安新区税务局 关于组织研发费用加计扣除培训的通知,data/xiongan_policy_files/policy_md/101_2023-07-10_河北雄安新区管理委员会改革发展局 国家税务总局河北雄安新区税务局 关于组织研发费用加计扣除培训的通知.md,data/xiongan_policy_files/declaration_guides/101_2023-07-10_河北雄安新区管理委员会改革发展局 国家税务总局河北雄安新区税务局 关于组织研发费用加计扣除培训的通知_申报指南.md,full_markdown,11148,summarized,
102,关于做好2023年第二批高新技术企业申报工作的通知,data/xiongan_policy_files/policy_md/102_2023-06-29_关于做好2023年第二批高新技术企业申报工作的通知.md,data/xiongan_policy_files/declaration_guides/102_2023-06-29_关于做好2023年第二批高新技术企业申报工作的通知_申报指南.md,full_markdown,775,summarized,
103,雄安新区改革发展局 雄安新区税务局 雄安海关关于发布2023年雄安新区企业技术中心认定名单的通知,data/xiongan_policy_files/policy_md/103_2023-06-26_雄安新区改革发展局 雄安新区税务局 雄安海关关于发布2023年雄安新区企业技术中心认定名单的通知.md,data/xiongan_policy_files/declaration_guides/103_2023-06-26_雄安新区改革发展局 雄安新区税务局 雄安海关关于发布2023年雄安新区企业技术中心认定名单的通知_申报指南.md,full_markdown,1567,summarized,
104,关于申报雄安新区第三批在孵企业办公用房租金补贴的通知,data/xiongan_policy_files/policy_md/104_2023-05-31_关于申报雄安新区第三批在孵企业办公用房租金补贴的通知.md,data/xiongan_policy_files/declaration_guides/104_2023-05-31_关于申报雄安新区第三批在孵企业办公用房租金补贴的通知_申报指南.md,full_markdown,1282,summarized,
105,关于雄安新区促进会展业发展的若干措施,data/xiongan_policy_files/policy_md/105_2023-05-21_关于雄安新区促进会展业发展的若干措施.md,data/xiongan_policy_files/declaration_guides/105_2023-05-21_关于雄安新区促进会展业发展的若干措施_申报指南.md,full_markdown,2316,summarized,
106,关于以比选方式采购河北雄安新区科创主体培育等为企服务的通知,data/xiongan_policy_files/policy_md/106_2023-05-17_关于以比选方式采购河北雄安新区科创主体培育等为企服务的通知.md,data/xiongan_policy_files/declaration_guides/106_2023-05-17_关于以比选方式采购河北雄安新区科创主体培育等为企服务的通知_申报指南.md,full_markdown,5813,summarized,
107,关于遴选工业诊断服务承担单位的公告,data/xiongan_policy_files/policy_md/107_2023-05-13_关于遴选工业诊断服务承担单位的公告.md,data/xiongan_policy_files/declaration_guides/107_2023-05-13_关于遴选工业诊断服务承担单位的公告_申报指南.md,full_markdown,8692,summarized,
108,关于做好2023年高新技术企业申报工作的通知,data/xiongan_policy_files/policy_md/108_2023-05-08_关于做好2023年高新技术企业申报工作的通知.md,data/xiongan_policy_files/declaration_guides/108_2023-05-08_关于做好2023年高新技术企业申报工作的通知_申报指南.md,full_markdown,766,summarized,
109,关于2023年度雄安新区科学技术奖提名工作的通知,data/xiongan_policy_files/policy_md/109_2023-05-08_关于2023年度雄安新区科学技术奖提名工作的通知.md,data/xiongan_policy_files/declaration_guides/109_2023-05-08_关于2023年度雄安新区科学技术奖提名工作的通知_申报指南.md,full_markdown,538,summarized,
110,河北雄安新区管理委员会改革发展局关于印发《关于支持工业诊断力量培育的五条措施》的通知,data/xiongan_policy_files/policy_md/110_2023-03-29_河北雄安新区管理委员会改革发展局关于印发《关于支持工业诊断力量培育的五条措施》的通知.md,data/xiongan_policy_files/declaration_guides/110_2023-03-29_河北雄安新区管理委员会改革发展局关于印发《关于支持工业诊断力量培育的五条措施》的通知_申报指南.md,full_markdown,953,summarized,
111,雄安新区上市后备企业资源库实施细则,data/xiongan_policy_files/policy_md/111_2023-03-16_雄安新区上市后备企业资源库实施细则.md,data/xiongan_policy_files/declaration_guides/111_2023-03-16_雄安新区上市后备企业资源库实施细则_申报指南.md,full_markdown,4640,summarized,
112,雄安新区工业诊断力量培育实施方案（2023-2025年）,data/xiongan_policy_files/policy_md/112_2023-03-10_雄安新区工业诊断力量培育实施方案（2023-2025年）.md,data/xiongan_policy_files/declaration_guides/112_2023-03-10_雄安新区工业诊断力量培育实施方案（2023-2025年）_申报指南.md,full_markdown,2887,summarized,
113,关于组织研发费用加计扣除入企辅导的通知,data/xiongan_policy_files/policy_md/113_2023-02-15_关于组织研发费用加计扣除入企辅导的通知.md,data/xiongan_policy_files/declaration_guides/113_2023-02-15_关于组织研发费用加计扣除入企辅导的通知_申报指南.md,full_markdown,3600,summarized,
114,关于促进雄安新区楼宇经济加快发展的实施方案,data/xiongan_policy_files/policy_md/114_2023-02-12_关于促进雄安新区楼宇经济加快发展的实施方案.md,data/xiongan_policy_files/declaration_guides/114_2023-02-12_关于促进雄安新区楼宇经济加快发展的实施方案_申报指南.md,full_markdown,5216,summarized,
115,关于中国（河北）自由贸易试验区雄安片区四至范围和布局示意图的公告,data/xiongan_policy_files/policy_md/115_2023-02-02_关于中国（河北）自由贸易试验区雄安片区四至范围和布局示意图的公告.md,data/xiongan_policy_files/declaration_guides/115_2023-02-02_关于中国（河北）自由贸易试验区雄安片区四至范围和布局示意图的公告_申报指南.md,full_markdown,563,summarized,
116,关于组织开展2023年第一批河北省“创新型”中小企业和“专精特新”中小企业申报工作的通知,data/xiongan_policy_files/policy_md/116_2023-01-31_关于组织开展2023年第一批河北省“创新型”中小企业和“专精特新”中小企业申报工作的通知.md,data/xiongan_policy_files/declaration_guides/116_2023-01-31_关于组织开展2023年第一批河北省“创新型”中小企业和“专精特新”中小企业申报工作的通知_申报指南.md,full_markdown,18828,summarized,
117,关于组织开展2023年雄安新区“专精特新”企业培育库第一批入库工作的通知,data/xiongan_policy_files/policy_md/117_2023-01-31_关于组织开展2023年雄安新区“专精特新”企业培育库第一批入库工作的通知.md,data/xiongan_policy_files/declaration_guides/117_2023-01-31_关于组织开展2023年雄安新区“专精特新”企业培育库第一批入库工作的通知_申报指南.md,full_markdown,1250,summarized,
118,印发《关于当前稳定经济发展的重点政策措施》的通知,data/xiongan_policy_files/policy_md/118_2023-01-15_印发《关于当前稳定经济发展的重点政策措施》的通知.md,data/xiongan_policy_files/declaration_guides/118_2023-01-15_印发《关于当前稳定经济发展的重点政策措施》的通知_申报指南.md,full_markdown,3112,summarized,
119,河北雄安新区高校毕业生就业创业政策宣传册,data/xiongan_policy_files/policy_md/119_2022-12-10_河北雄安新区高校毕业生就业创业政策宣传册.md,data/xiongan_policy_files/declaration_guides/119_2022-12-10_河北雄安新区高校毕业生就业创业政策宣传册_申报指南.md,full_markdown,16216,summarized,
120,雄安新区企业上市奖励资金管理办法,data/xiongan_policy_files/policy_md/120_2022-12-10_雄安新区企业上市奖励资金管理办法.md,data/xiongan_policy_files/declaration_guides/120_2022-12-10_雄安新区企业上市奖励资金管理办法_申报指南.md,full_markdown,5077,summarized,
121,关于支持雄安新区服务业中小微企业纾困发展贷款贴息实施细则,data/xiongan_policy_files/policy_md/121_2022-12-08_关于支持雄安新区服务业中小微企业纾困发展贷款贴息实施细则.md,data/xiongan_policy_files/declaration_guides/121_2022-12-08_关于支持雄安新区服务业中小微企业纾困发展贷款贴息实施细则_申报指南.md,full_markdown,2459,summarized,
122,关于支持雄安新区科技企业高质量发展贷款贴息实施细则,data/xiongan_policy_files/policy_md/122_2022-12-01_关于支持雄安新区科技企业高质量发展贷款贴息实施细则.md,data/xiongan_policy_files/declaration_guides/122_2022-12-01_关于支持雄安新区科技企业高质量发展贷款贴息实施细则_申报指南.md,full_markdown,2323,summarized,
123,关于支持雄安新区传统产业抗疫纾困转型升级贷款贴息实施细则,data/xiongan_policy_files/policy_md/123_2022-12-01_关于支持雄安新区传统产业抗疫纾困转型升级贷款贴息实施细则.md,data/xiongan_policy_files/declaration_guides/123_2022-12-01_关于支持雄安新区传统产业抗疫纾困转型升级贷款贴息实施细则_申报指南.md,full_markdown,2435,summarized,
124,河北雄安新区管理委员会关于征集科技创新支撑雄安高质量发展科研储备任务的通知,data/xiongan_policy_files/policy_md/124_2022-12-01_河北雄安新区管理委员会关于征集科技创新支撑雄安高质量发展科研储备任务的通知.md,data/xiongan_policy_files/declaration_guides/124_2022-12-01_河北雄安新区管理委员会关于征集科技创新支撑雄安高质量发展科研储备任务的通知_申报指南.md,full_markdown,1885,summarized,
125,关于2022年第四季度省科小线上办公工作的通知,data/xiongan_policy_files/policy_md/125_2022-10-31_关于2022年第四季度省科小线上办公工作的通知.md,data/xiongan_policy_files/declaration_guides/125_2022-10-31_关于2022年第四季度省科小线上办公工作的通知_申报指南.md,full_markdown,13796,summarized,
126,《关于推进规上工业企业培育发展工作的四条措施》的通知,data/xiongan_policy_files/policy_md/126_2022-10-29_《关于推进规上工业企业培育发展工作的四条措施》的通知.md,data/xiongan_policy_files/declaration_guides/126_2022-10-29_《关于推进规上工业企业培育发展工作的四条措施》的通知_申报指南.md,full_markdown,3092,summarized,
127,关于组织开展2022年度智能制造试点示范推荐工作的通知,data/xiongan_policy_files/policy_md/127_2022-10-14_关于组织开展2022年度智能制造试点示范推荐工作的通知.md,data/xiongan_policy_files/declaration_guides/127_2022-10-14_关于组织开展2022年度智能制造试点示范推荐工作的通知_申报指南.md,full_markdown,41612,summarized,
128,关于印发《河北雄安新区高技能人才培训基地建设项目实施办法(试行)》的通知,data/xiongan_policy_files/policy_md/128_2022-08-11_关于印发《河北雄安新区高技能人才培训基地建设项目实施办法(试行)》的通知.md,data/xiongan_policy_files/declaration_guides/128_2022-08-11_关于印发《河北雄安新区高技能人才培训基地建设项目实施办法(试行)》的通知_申报指南.md,full_markdown,22196,summarized,
129,关于组织开展外资奖励资金申报工作的通知,data/xiongan_policy_files/policy_md/129_2022-08-06_关于组织开展外资奖励资金申报工作的通知.md,data/xiongan_policy_files/declaration_guides/129_2022-08-06_关于组织开展外资奖励资金申报工作的通知_申报指南.md,full_markdown,5699,summarized,
130,河北雄安新区管理委员会印发《关于全面推动雄安新区数字经济创新发展的指导意见》的通知,data/xiongan_policy_files/policy_md/130_2022-08-02_河北雄安新区管理委员会印发《关于全面推动雄安新区数字经济创新发展的指导意见》的通知.md,data/xiongan_policy_files/declaration_guides/130_2022-08-02_河北雄安新区管理委员会印发《关于全面推动雄安新区数字经济创新发展的指导意见》的通知_申报指南.md,full_markdown,10179,summarized,
131,关于印发《旅游、文化、体育、交通运输、快递物流小微企业用水、用气、用电补贴实施细则》的通知,data/xiongan_policy_files/policy_md/131_2022-07-19_关于印发《旅游、文化、体育、交通运输、快递物流小微企业用水、用气、用电补贴实施细则》的通知.md,data/xiongan_policy_files/declaration_guides/131_2022-07-19_关于印发《旅游、文化、体育、交通运输、快递物流小微企业用水、用气、用电补贴实施细则》的通知_申报指南.md,full_markdown,8276,summarized,
132,关于印发《公共服务局支持央企二三级子公司落户新区若干措施》的通知,data/xiongan_policy_files/policy_md/132_2022-07-09_关于印发《公共服务局支持央企二三级子公司落户新区若干措施》的通知.md,data/xiongan_policy_files/declaration_guides/132_2022-07-09_关于印发《公共服务局支持央企二三级子公司落户新区若干措施》的通知_申报指南.md,full_markdown,1178,summarized,
133,关于做好2022年金融支持雄安新区全面推进乡村振兴重点工作的实施意见,data/xiongan_policy_files/policy_md/133_2022-07-02_关于做好2022年金融支持雄安新区全面推进乡村振兴重点工作的实施意见.md,data/xiongan_policy_files/declaration_guides/133_2022-07-02_关于做好2022年金融支持雄安新区全面推进乡村振兴重点工作的实施意见_申报指南.md,full_markdown,7045,summarized,
134,关于协请做好新区传统产业抗疫纾困转型升级贷款贴息工作的函,data/xiongan_policy_files/policy_md/134_2022-06-30_关于协请做好新区传统产业抗疫纾困转型升级贷款贴息工作的函.md,data/xiongan_policy_files/declaration_guides/134_2022-06-30_关于协请做好新区传统产业抗疫纾困转型升级贷款贴息工作的函_申报指南.md,full_markdown,955,summarized,
135,关于印发《进一步扩大投资工作成效的七条政策措施》的通知,data/xiongan_policy_files/policy_md/135_2022-06-29_关于印发《进一步扩大投资工作成效的七条政策措施》的通知.md,data/xiongan_policy_files/declaration_guides/135_2022-06-29_关于印发《进一步扩大投资工作成效的七条政策措施》的通知_申报指南.md,full_markdown,2640,summarized,
136,关于印发《关于〈促进“专精特新”企业和数字经济核心产业高质量发展的若干措施〉科技企业库入库及奖补政策的实施细则》的通知,data/xiongan_policy_files/policy_md/136_2022-06-24_关于印发《关于〈促进“专精特新”企业和数字经济核心产业高质量发展的若干措施〉科技企业库入库及奖补政策的实施细则》的通知.md,data/xiongan_policy_files/declaration_guides/136_2022-06-24_关于印发《关于〈促进“专精特新”企业和数字经济核心产业高质量发展的若干措施〉科技企业库入库及奖补政策的实施细则》的通知_申报指南.md,full_markdown,7130,summarized,
137,关于雄安新区加强金融服务支持疫情防控和经济社会发展具体措施的通知,data/xiongan_policy_files/policy_md/137_2022-06-16_关于雄安新区加强金融服务支持疫情防控和经济社会发展具体措施的通知.md,data/xiongan_policy_files/declaration_guides/137_2022-06-16_关于雄安新区加强金融服务支持疫情防控和经济社会发展具体措施的通知_申报指南.md,full_markdown,4492,summarized,
138,关于印发《承租非国有资产类经营用房企业租房补贴实施细则》补充规定的通知,data/xiongan_policy_files/policy_md/138_2022-06-13_关于印发《承租非国有资产类经营用房企业租房补贴实施细则》补充规定的通知.md,data/xiongan_policy_files/declaration_guides/138_2022-06-13_关于印发《承租非国有资产类经营用房企业租房补贴实施细则》补充规定的通知_申报指南.md,full_markdown,670,summarized,
139,关于印发《承租非国有资产类经营用房企业租房补贴实施细则》的通知,data/xiongan_policy_files/policy_md/139_2022-05-25_关于印发《承租非国有资产类经营用房企业租房补贴实施细则》的通知.md,data/xiongan_policy_files/declaration_guides/139_2022-05-25_关于印发《承租非国有资产类经营用房企业租房补贴实施细则》的通知_申报指南.md,full_markdown,6651,summarized,
140,关于开展2022年度零工驿站认定工作的通知,data/xiongan_policy_files/policy_md/140_2022-05-20_关于开展2022年度零工驿站认定工作的通知.md,data/xiongan_policy_files/declaration_guides/140_2022-05-20_关于开展2022年度零工驿站认定工作的通知_申报指南.md,full_markdown,4039,summarized,
141,关于印发《用人单位一次性新增就业补贴实施细则》的通知,data/xiongan_policy_files/policy_md/141_2022-05-20_关于印发《用人单位一次性新增就业补贴实施细则》的通知.md,data/xiongan_policy_files/declaration_guides/141_2022-05-20_关于印发《用人单位一次性新增就业补贴实施细则》的通知_申报指南.md,full_markdown,6518,summarized,
142,印发《关于促进“专精特新”企业和数字经济核心产业高质量发展的若干措施》的通知,data/xiongan_policy_files/policy_md/142_2022-05-17_印发《关于促进“专精特新”企业和数字经济核心产业高质量发展的若干措施》的通知.md,data/xiongan_policy_files/declaration_guides/142_2022-05-17_印发《关于促进“专精特新”企业和数字经济核心产业高质量发展的若干措施》的通知_申报指南.md,full_markdown,5016,summarized,
143,关于申报雄安新区第二批在孵企业办公用房租金补贴的通知,data/xiongan_policy_files/policy_md/143_2022-05-12_关于申报雄安新区第二批在孵企业办公用房租金补贴的通知.md,data/xiongan_policy_files/declaration_guides/143_2022-05-12_关于申报雄安新区第二批在孵企业办公用房租金补贴的通知_申报指南.md,full_markdown,1344,summarized,
144,关于开展国家级、省级专业技术人员继续教育基地申报工作的通知,data/xiongan_policy_files/policy_md/144_2022-05-09_关于开展国家级、省级专业技术人员继续教育基地申报工作的通知.md,data/xiongan_policy_files/declaration_guides/144_2022-05-09_关于开展国家级、省级专业技术人员继续教育基地申报工作的通知_申报指南.md,full_markdown,7785,summarized,
145,关于应对《疫情支持服务业领域纾困发展的若干措施》的通知,data/xiongan_policy_files/policy_md/145_2022-04-30_关于应对《疫情支持服务业领域纾困发展的若干措施》的通知.md,data/xiongan_policy_files/declaration_guides/145_2022-04-30_关于应对《疫情支持服务业领域纾困发展的若干措施》的通知_申报指南.md,full_markdown,2159,summarized,
146,关于开展2022 年河北雄安新区劳务品牌推荐认定工作的通知,data/xiongan_policy_files/policy_md/146_2022-04-01_关于开展2022 年河北雄安新区劳务品牌推荐认定工作的通知.md,data/xiongan_policy_files/declaration_guides/146_2022-04-01_关于开展2022 年河北雄安新区劳务品牌推荐认定工作的通知_申报指南.md,full_markdown,6854,summarized,
147,关于印发《雄安新区2022年传统产业转型升级“百项转型”工程申报指南》的通知,data/xiongan_policy_files/policy_md/147_2022-03-11_关于印发《雄安新区2022年传统产业转型升级“百项转型”工程申报指南》的通知.md,data/xiongan_policy_files/declaration_guides/147_2022-03-11_关于印发《雄安新区2022年传统产业转型升级“百项转型”工程申报指南》的通知_申报指南.md,full_markdown,12722,summarized,
148,关于印发《河北雄安新区科技企业孵化器认定 管理办法》的通知,data/xiongan_policy_files/policy_md/148_2022-02-11_关于印发《河北雄安新区科技企业孵化器认定 管理办法》的通知.md,data/xiongan_policy_files/declaration_guides/148_2022-02-11_关于印发《河北雄安新区科技企业孵化器认定 管理办法》的通知_申报指南.md,full_markdown,2503,summarized,
149,《关于服务承接非首都功能疏解培育和支持雄安新区企业挂牌上市的 实施意见》的通知,data/xiongan_policy_files/policy_md/149_2021-11-19_《关于服务承接非首都功能疏解培育和支持雄安新区企业挂牌上市的 实施意见》的通知.md,data/xiongan_policy_files/declaration_guides/149_2021-11-19_《关于服务承接非首都功能疏解培育和支持雄安新区企业挂牌上市的 实施意见》的通知_申报指南.md,full_markdown,3653,summarized,
150,关于申报2021年知识产权综合保护联系点的通知,data/xiongan_policy_files/policy_md/150_2021-09-26_关于申报2021年知识产权综合保护联系点的通知.md,data/xiongan_policy_files/declaration_guides/150_2021-09-26_关于申报2021年知识产权综合保护联系点的通知_申报指南.md,full_markdown,1369,summarized,
151,关于印发《雄安新区企业技术中心管理办法(试行)》的通知,data/xiongan_policy_files/policy_md/151_2021-04-07_关于印发《雄安新区企业技术中心管理办法(试行)》的通知.md,data/xiongan_policy_files/declaration_guides/151_2021-04-07_关于印发《雄安新区企业技术中心管理办法(试行)》的通知_申报指南.md,full_markdown,3036,summarized,
152,关于印发《河北雄安新区关于支持企业创新发展的若干措施》的通知,data/xiongan_policy_files/policy_md/152_2021-02-10_关于印发《河北雄安新区关于支持企业创新发展的若干措施》的通知.md,data/xiongan_policy_files/declaration_guides/152_2021-02-10_关于印发《河北雄安新区关于支持企业创新发展的若干措施》的通知_申报指南.md,full_markdown,2253,summarized,
